{"loss": [1.4817926246092448, 0.8752187766108764, 0.6916179994726092, 0.6035232059947285, 0.5465902349094693, 0.5055591744643237, 0.47357546961892544, 0.44781180138113547, 0.4270822057921562, 0.4093632409306626, 0.39454447717217794, 0.38207958316988394, 0.3701129536681151, 0.35962884021399966, 0.3504487805669894, 0.34199489126834576, 0.3346255453127132, 0.32775047750327885, 0.32094562133600835, 0.3158345112942217, 0.3097043343269975, 0.3049038322290296, 0.2998343805072454, 0.29526932782911364, 0.2909644643705439, 0.28686314940324703, 0.2828744235339897, 0.27953739204541644, 0.27539215145593166, 0.27241090227384995, 0.26888510655960407, 0.26650430793559526, 0.2632586766492908, 0.26036590201888593, 0.2573605345142019, 0.2551689405892355, 0.252403252759834, 0.2502342796127481, 0.24873393546259412, 0.2456769297000837, 0.24403207327747958, 0.24186905933212868, 0.23953976340094402, 0.23801461208215122, 0.2358737600276476, 0.23418723362065666, 0.23237361412692178, 0.23067951832964645, 0.22958078724300934, 0.22701556407180923], "wer": [0.8876663429779011, 0.6564985084945273, 0.5558351000469777, 0.5025692290761392, 0.46665844112589394, 0.4392862977842914, 0.4178372710079746, 0.40007834463981584, 0.3858265044376712, 0.3735003134270399, 0.36257084832797704, 0.35421158191693236, 0.3456923295458677, 0.3375049268403597, 0.3308063631749165, 0.32426075578337127, 0.3187240295518308, 0.31290029820413334, 0.30843256906909017, 0.3039241162351328, 0.3002609225566144, 0.29578592133247944, 0.2924754239749142, 0.2889261596921676, 0.28524745222358666, 0.28299964948530576, 0.2794297809501324, 0.2770343548032876, 0.27444743031035823, 0.2721077568465507, 0.26911917063278323, 0.26734938655080454, 0.26480488257757745, 0.26376497383744746, 0.2628128149723588, 0.2618759274943629, 0.2593425740577433, 0.25495701952943767, 0.2537025841610991, 0.2534407889537936, 0.252016671506646, 0.2517039716756978, 0.24881016502309372, 0.248849919110129, 0.24565941122257878, 0.24763766185852296, 0.24515230420990933, 0.24604483194444512, 0.24573552575507313, 0.24414948312414764], "cer": [0.38203208970317915, 0.22722415041017563, 0.18123129581845404, 0.15891782130424503, 0.14478766128105106, 0.1343181950303455, 0.1263595210912312, 0.1200438155871012, 0.11486853930893917, 0.11047592965806903, 0.10669283975188688, 0.10388255765944418, 0.10089221023829728, 0.09802272667754673, 0.09580608440652827, 0.09356153618848782, 0.0915781244863402, 0.08973707490327641, 0.08829729519402944, 0.0867775122456496, 0.08575307146504085, 0.08411483914752114, 0.08310191363290484, 0.08203238687133381, 0.08077666568786905, 0.08016747097085022, 0.07891444287378693, 0.07815503894110072, 0.07738495552785701, 0.07665619706111838, 0.07561657284510834, 0.07523280803290097, 0.07427968760940663, 0.07405653289827915, 0.07387238150744861, 0.07370011684280381, 0.0728850867461703, 0.07118574922685204, 0.07087172606593753, 0.07092275540999268, 0.07062006178497396, 0.0707689244574406, 0.06965709766635705, 0.06984050613680098, 0.06866785273906388, 0.06961242957811223, 0.06894969816073343, 0.06970659473711484, 0.06948422937889813, 0.06942837105233002]}